1,2023-12-01,valid
2,2023-12-02,valid
3,2023-12-03,valid
4,2023-12-04,valid
5,2023-12-05,valid
6,2023-12-06,valid
7,2023-12-07,valid
8,2023-12-08,valid
9,2023-12-09,valid
10,2023-12-10,valid
11,2023-12-11,valid
12,2023-12-12,valid
13,2023-12-13,valid
14,2023-12-14,valid
15,2023-12-15,valid
16,2023-12-16,valid
17,2023-12-17,valid
18,2023-12-18,valid
19,2023-12-19,valid
20,2023-12-20,valid
21,2023-12-21,valid
22,2023-12-22,valid
23,2023-12-23,valid
24,2023-12-24,valid
25,2023-12-25,valid
26,2023-12-26,valid
27,2023-12-27,valid
28,2023-12-28,valid
29,2023-12-29,valid
30,2023-12-30,valid
31,2023-12-31,valid
32,2023-12-01,expired
33,2023-12-02,valid
34,2023-12-03,valid
35,2023-12-04,valid
36,2023-12-05,valid
37,2023-12-06,valid
38,2023-12-07,valid
39,2023-12-08,valid
40,2023-12-09,valid
41,2023-12-10,valid
42,2023-12-11,valid
43,2023-12-12,valid
44,2023-12-13,valid
45,2023-12-14,valid
46,2023-12-15,valid
47,2023-12-16,valid
48,2023-12-17,valid
49,2023-12-18,valid
50,2023-12-19,valid
51,2023-12-20,valid
52,2023-12-21,valid
53,2023-12-22,valid
54,2023-12-23,valid
55,2023-12-24,valid
56,2023-12-25,valid
57,2023-12-26,valid
58,2023-12-27,valid
59,2023-12-28,valid
60,2023-12-29,valid
61,2023-12-30,valid
62,2023-12-31,expired
63,2023-12-01,valid
64,2023-12-02,valid
65,2023-12-03,valid
66,2023-12-04,valid
67,2023-12-05,valid
68,2023-12-06,valid
69,2023-12-07,valid
70,2023-12-08,valid
71,2023-12-09,valid
72,2023-12-10,valid
73,2023-12-11,valid
74,2023-12-12,valid
75,2023-12-13,valid
76,2023-12-14,valid
77,2023-12-15,valid
78,2023-12-16,valid
79,2023-12-17,valid
80,2023-12-18,valid
81,2023-12-19,valid
82,2023-12-20,valid
83,2023-12-21,valid
84,2023-12-22,valid
85,2023-12-23,valid
86,2023-12-24,valid
87,2023-12-25,valid
88,2023-12-26,valid
89,2023-12-27,valid
90,2023-12-28,expired
91,2023-12-29,valid
92,2023-12-30,valid
93,2023-12-31,valid
94,2023-12-01,valid
95,2023-12-02,valid
96,2023-12-03,valid
97,2023-12-04,revoked
98,2023-12-05,valid
99,2023-12-06,valid
100,2023-12-07,valid
101,2023-12-08,valid
